p,m1,m2,r1,r2,e,i,RA,Dec,d,appMagMean,maxDeltaMag,mag_failure,incl_failure,period_failure,radius_failure,u_LSS_PERIOD,g_LSS_PERIOD,r_LSS_PERIOD,i_LSS_PERIOD,z_LSS_PERIOD,y_LSS_PERIOD,LSM_PERIOD,delta_mag,chi2,mean(dmag)
19860.246784368737,1.3225731816791924,0.3710614630629296,2.8380315178196693,0.526481095483782,0.7165211972291137,2.3641747788637493,264.379668433422,-35.59823428337372,4.892934677987235,15.449542401208928,0.0,0,0,1,0,-999.0,-999.0,-999.0,-999.0,-999.0,-999.0,-999.0
